,id,conversation_id,created_at,date,timezone,place,tweet,language,hashtags,cashtags,user_id,user_id_str,username,name,day,hour,link,urls,photos,video,thumbnail,retweet,nlikes,nreplies,nretweets,quote_url,search,near,geo,source,user_rt_id,user_rt,retweet_id,reply_to,retweet_date,translate,trans_src,trans_dest,candidates
0,1600596133390258177,1600596133390258177,1670446830000.0,2022-12-07 22:00:30,+0100,,Only one Asiwaju Bola Ahmed Tinubu. The Jagaban ‚ôæÔ∏è,in,[],[],1228058264,1228058264,RajiDraj,Ademola,3,22,https://twitter.com/RajiDraj/status/1600596133390258177,[],[],0,,False,5,0,3,https://twitter.com/AmodaOgunlere/status/1600573441177960494,Asiwaju\Tinubu\Jagaban,,,,,,,[],,,,,Bola Ahmed Tinubu
1,1600583238472372294,1600583238472372294,1670443756000.0,2022-12-07 21:09:16,+0100,,"Asiwaju Bola Ahmed Tinubu will win the 2023 election and become the next president of Nigeria, Obidiots are just aggressive toothless dogs, all of them will craw back to their cave when INEC announced Jagaban as the winner of the 2023 general elections",en,[],[],1495220741532487680,1495220741532487680,jadesolar_01,JADE~ üêò,3,21,https://twitter.com/jadesolar_01/status/1600583238472372294,[],[],0,,False,44,10,12,,Asiwaju\Tinubu\Jagaban,,,,,,,[],,,,,Bola Ahmed Tinubu
2,1600556344012308485,1600556344012308485,1670437343000.0,2022-12-07 19:22:23,+0100,,The marketable Individual! The frontrunner! The leading candidate! The Visitionary minded builder The overall best presidential candidate. The Jagaban The Asiwaju The Next president of Federal Republic Of Nigeria... May 2023  Asiwaju Bola Ahmed Tinubu.  election interviews votes  https://t.co/22JmTMeAwk,en,[],[],290773867,290773867,Dallazfame,Adekunle dallaz,3,19,https://twitter.com/Dallazfame/status/1600556344012308485,[],[],1,https://pbs.twimg.com/ext_tw_video_thumb/1600556275053518853/pu/img/33ePIq16E8KFqe-Q.jpg,False,2,0,1,,Asiwaju\Tinubu\Jagaban,,,,,,,[],,,,,Bola Ahmed Tinubu
3,1600546869112881152,1600184579125432320,1670435084000.0,2022-12-07 18:44:44,+0100,,@Mario9jaa People keep on complaining that Jagaban brags alot but I believe that Asiwaju Bola Ahmed Tinubu earned the right to brag. Tinubu actually earned the bragging right.,en,[],[],727474460,727474460,ReginaHail,Anabelle phill,3,18,https://twitter.com/ReginaHail/status/1600546869112881152,[],[],0,,False,2,0,1,,Asiwaju\Tinubu\Jagaban,,,,,,,"[{'screen_name': 'Mario9jaa', 'name': 'Wale Adedayoüåçüî∞', 'id': '752573014869413888'}]",,,,,Bola Ahmed Tinubu
4,1600532289859059718,1600144656418775040,1670431609000.0,2022-12-07 17:46:49,+0100,,"@adamugarba I won't miss this opportunity ooooo so therefore, I will cast my vote for Asiwaju Bola Ahmed Tinubu the Jagaban of the universe.",en,[],[],1157748566288404480,1157748566288404480,isidasome,Isidasome Saibu,3,17,https://twitter.com/isidasome/status/1600532289859059718,[],[],0,,False,0,0,0,,Asiwaju\Tinubu\Jagaban,,,,,,,"[{'screen_name': 'adamugarba', 'name': 'Adamu Garba II', 'id': '41113813'}]",,,,,Bola Ahmed Tinubu
5,1600526754233425922,1600526754233425922,1670430289000.0,2022-12-07 17:24:49,+0100,,See the human beings destroying democracy in Nigeria. God will Disgrace them in 2023.  Peter Obi for president northerners Arewa Obasanjo Doyin INEC Shettima Atiku kwankwaso Buhari Bola Tinubu Arise TV edited taraba BVAS Labour Party jagaban Asiwaju INEC wike Hausa Kano kats,en,[],[],1317737220825108480,1317737220825108480,daclemx,MyBigDaddy,3,17,https://twitter.com/daclemx/status/1600526754233425922,[],[],0,,False,0,0,1,https://twitter.com/HAHayatu/status/1600513851157528577,Asiwaju\Tinubu\Jagaban,,,,,,,[],,,,,Bola Ahmed Tinubu
6,1600519860705959936,1600519860705959936,1670428645000.0,2022-12-07 16:57:25,+0100,,"Nigerians, God is showing us the sign now oh. He won't come down to vote. Be wise! Chibok go be childs play with this man at the helm of affairs.  Peter Obi for president northerners Arewa Lagos Bola Tinubu Atiku Bauchi Taraba datti jagaban Asiwaju BVAS INEC Shettima edited PVCs",en,[],[],1317737220825108480,1317737220825108480,daclemx,MyBigDaddy,3,16,https://twitter.com/daclemx/status/1600519860705959936,[],[],0,,False,0,1,0,https://twitter.com/firstladyship/status/1600397919365931008,Asiwaju\Tinubu\Jagaban,,,,,,,[],,,,,Bola Ahmed Tinubu
7,1600516812336160771,1600516812336160771,1670427918000.0,2022-12-07 16:45:18,+0100,,"Bola Tinubu, El Rufai, Dele Alake, and Ben Ayade carry themselves go Chattam house go disgrace Nigeria. Oya listen  My Peter Obi for president northerners Arewa Yorubas Igbos Wike Fashola Arise TV Bauchi Lagos Taraba datti jagaban Asiwaju BVAS Labour Party PVCs Reno BATstards",en,[],[],1317737220825108480,1317737220825108480,daclemx,MyBigDaddy,3,16,https://twitter.com/daclemx/status/1600516812336160771,[],[],0,,False,3,0,1,https://twitter.com/trendwithola/status/1600506514292219904,Asiwaju\Tinubu\Jagaban,,,,,,,[],,,,,Bola Ahmed Tinubu
8,1600506899556077568,1600506899556077568,1670425555000.0,2022-12-07 16:05:55,+0100,,Coup Plot In Germany: 25 Arrested  https://t.co/jUGlfe9U9e via @The News Giant  Hope Uzodinma Bola Tinubu he CBN Bishop David Oyedepo Aliyyah Samuel Eto Ebuka Cashless USSD Enrique Rema #Shiloh2022 Asiwaju Jagaban Portuguese #recoverlagoswithatiku #Germany  #germanycoup,in,"['shiloh2022', 'recoverlagoswithatiku', 'germany', 'germanycoup']",[],1530220795074682884,1530220795074682884,thenewsgiant,THENEWSGIANT,3,16,https://twitter.com/thenewsgiant/status/1600506899556077568,['https://thenewsgiant.com/coup-plot-in-germany-25-arrested/'],[],0,,False,0,0,0,,Asiwaju\Tinubu\Jagaban,,,,,,,[],,,,,Bola Ahmed Tinubu
9,1600500977408278528,1600500977408278528,1670424143000.0,2022-12-07 15:42:23,+0100,,"Second Niger Bridge Opens Dec 15, For 30 Days Only  https://t.co/sWW52nT0io via @The News Giant  Hope Uzodinma Bola Tinubu he CBN Bishop David Oyedepo Aliyyah Samuel Eto Ebuka Cashless USSD Enrique Rema #Shiloh2022 Asiwaju Jagaban Portuguese #recoverlagoswithatiku Al Mustapha",tl,"['shiloh2022', 'recoverlagoswithatiku']",[],1530220795074682884,1530220795074682884,thenewsgiant,THENEWSGIANT,3,15,https://twitter.com/thenewsgiant/status/1600500977408278528,['https://thenewsgiant.com/second-niger-bridge-opens-dec-15-for-30-days-only/'],[],0,,False,0,0,0,,Asiwaju\Tinubu\Jagaban,,,,,,,[],,,,,Bola Ahmed Tinubu
10,1600498635111907329,1600498635111907329,1670423585000.0,2022-12-07 15:33:05,+0100,,"The man who knows the road,the man who's very sure of himself.Asiwaju Bola Ahmed Tinubu, Jagaban worldwide üåê  https://t.co/kZ4SVENMe6",en,[],[],1481545222064644099,1481545222064644099,FortunateAyoade,Fortune1271,3,15,https://twitter.com/FortunateAyoade/status/1600498635111907329,[],['https://pbs.twimg.com/media/FjYdBslXoAAX-Z1.jpg'],1,https://pbs.twimg.com/media/FjYdBslXoAAX-Z1.jpg,False,10,0,5,,Asiwaju\Tinubu\Jagaban,,,,,,,[],,,,,Bola Ahmed Tinubu
11,1600471669180465152,1600471669180465152,1670417155000.0,2022-12-07 13:45:55,+0100,,Atiku Storms Osun State (PHOTOS)  https://t.co/hYkE6KRHQf via @The News Giant  Hope Uzodinma Bola Tinubu he CBN Bishop David Oyedepo Aliyyah Samuel Eto Ebuka Cashless USSD Enrique Rema #Shiloh2022 Asiwaju Jagaban Portuguese #recoverlagoswithatiku Congratulations David Placid,tl,"['shiloh2022', 'recoverlagoswithatiku']",[],1530220795074682884,1530220795074682884,thenewsgiant,THENEWSGIANT,3,13,https://twitter.com/thenewsgiant/status/1600471669180465152,['https://thenewsgiant.com/atiku-storms-osun-state-photos/'],[],0,,False,1,0,0,,Asiwaju\Tinubu\Jagaban,,,,,,,[],,,,,Bola Ahmed Tinubu
12,1600471504520499200,1600471504520499200,1670417116000.0,2022-12-07 13:45:16,+0100,,Lagos Enforces Supreme Court‚Äôs Judgement On Hijab In Schools  https://t.co/DtdKQnoY11 via @The News Giant   Hope Uzodinma Bola Tinubu he CBN Bishop David Oyedepo Aliyyah Samuel Eto Ebuka Cashless USSD Enrique Rema #Shiloh2022 Asiwaju Jagaban Portuguese #recoverlagoswithatiku,tl,"['shiloh2022', 'recoverlagoswithatiku']",[],1530220795074682884,1530220795074682884,thenewsgiant,THENEWSGIANT,3,13,https://twitter.com/thenewsgiant/status/1600471504520499200,['https://thenewsgiant.com/lagos-enforces-supreme-courts-judgement-on-hijab-in-schools/'],[],0,,False,0,0,0,,Asiwaju\Tinubu\Jagaban,,,,,,,[],,,,,Bola Ahmed Tinubu
13,1600469932218753024,1600454077887963137,1670416741000.0,2022-12-07 13:39:01,+0100,,@ThisIsAdemuyiwa @ARISEtv Jagaban na eja nla. Asiwaju pass Barracuda. Nah Whale-shark Bola Ahmed Tinubu bi. Read well and dont cornfuse oüåΩüåΩüåΩ,in,[],[],375326439,375326439,ollaIdris,OllaIdris,3,13,https://twitter.com/ollaIdris/status/1600469932218753024,[],[],0,,False,1,0,0,,Asiwaju\Tinubu\Jagaban,,,,,,,"[{'screen_name': 'ThisIsAdemuyiwa', 'name': 'Adebola', 'id': '1259112294254075904'}, {'screen_name': 'ARISEtv', 'name': 'ARISE NEWS', 'id': '1087778780'}]",,,,,Bola Ahmed Tinubu
14,1600469857455087617,1600469857455087617,1670416723000.0,2022-12-07 13:38:43,+0100,,Things dey Occur!!  Ajah Ambode Asiwaju De Gea Jagaban Al Mustapha Bola Ahmed Tinubu Edited Arise TV Lagos State Shettima Thiefnubu  https://t.co/v16fGIxfhC,in,[],[],1488877424620285961,1488877424620285961,Onlineguru_,OLA AFFILIATE,3,13,https://twitter.com/Onlineguru_/status/1600469857455087617,[],['https://pbs.twimg.com/media/FjYC2VMWQAA5SdY.jpg'],1,https://pbs.twimg.com/media/FjYC2VMWQAA5SdY.jpg,False,1,1,0,,Asiwaju\Tinubu\Jagaban,,,,,,,[],,,,,Bola Ahmed Tinubu
15,1600464684892622848,1600464684892622848,1670415490000.0,2022-12-07 13:18:10,+0100,,"Amoda ogunlere Tinubu  ,1st of his name, the tamer of oceans,the asiwaju of Lagos kingdom,the jagaban of Bangul, the balablu of Bulaba castle,the emilokan of Lokan, the Egbekiniyiwa of Kiniyi clan,the ""delegator√© extraordinari√© of the Chattam House"".  Baba dey amiazeüåΩ me üôåüôå ü•∞  https://t.co/puC1O03DgZ",ro,[],[],1395619129651077120,1395619129651077120,adeoluwa09,Adeoluwa‚Ñ¢ üé≠,3,13,https://twitter.com/adeoluwa09/status/1600464684892622848,[],['https://pbs.twimg.com/media/FjX-JOpXkAEwNbQ.jpg'],1,https://pbs.twimg.com/media/FjX-JOpXkAEwNbQ.jpg,False,0,0,0,https://twitter.com/GazetteNGR/status/1600450551375970305,Asiwaju\Tinubu\Jagaban,,,,,,,[],,,,,Bola Ahmed Tinubu
16,1600460029915582464,1600460029915582464,1670414380000.0,2022-12-07 12:59:40,+0100,,"Mike Igini: BVAS Will Curtail Rigging, Make Votes Count In 2023 Polls  https://t.co/opwmyxteWx via @The News Giant   Hope Uzodinma Bola Tinubu he CBN Bishop David Oyedepo Aliyyah Samuel Eto Ebuka Cashless USSD Enrique Rema #Shiloh2022 Asiwaju Jagaban Portuguese",in,['shiloh2022'],[],1530220795074682884,1530220795074682884,thenewsgiant,THENEWSGIANT,3,12,https://twitter.com/thenewsgiant/status/1600460029915582464,['https://thenewsgiant.com/mike-igini-bvas-will-curtail-rigging-make-votes-count-in-2023-polls/'],[],0,,False,0,0,0,,Asiwaju\Tinubu\Jagaban,,,,,,,[],,,,,Bola Ahmed Tinubu
17,1600459520374816768,1600459520374816768,1670414259000.0,2022-12-07 12:57:39,+0100,,Coach Fingers Ringside Medics In Boxer‚Äôs Death At Sports Fiesta  https://t.co/PkKGuP6DPB via @The News Giant  Hope Uzodinma Bola Tinubu he CBN Bishop David Oyedepo Aliyyah Samuel Eto Ebuka Cashless USSD Enrique Rema #Shiloh2022 Asiwaju Jagaban Portuguese #recoverlagoswithatiku,in,"['shiloh2022', 'recoverlagoswithatiku']",[],1530220795074682884,1530220795074682884,thenewsgiant,THENEWSGIANT,3,12,https://twitter.com/thenewsgiant/status/1600459520374816768,['https://thenewsgiant.com/coach-fingers-ringside-medics-in-boxers-death-at-sports-fiesta/'],[],0,,False,1,0,0,,Asiwaju\Tinubu\Jagaban,,,,,,,[],,,,,Bola Ahmed Tinubu
18,1600458995323445248,1600458995323445248,1670414134000.0,2022-12-07 12:55:34,+0100,,Lagos Senator Abiru Shells Out N150m To Needy Constituents  https://t.co/b4P7SjGjCd via @The News Giant  Hope Uzodinma Bola Tinubu he CBN Bishop David Oyedepo Aliyyah Samuel Eto Ebuka Cashless USSD Enrique Rema #Shiloh2022 Asiwaju Jagaban Portuguese #recoverlagoswithatiku Placid,ca,"['shiloh2022', 'recoverlagoswithatiku']",[],1530220795074682884,1530220795074682884,thenewsgiant,THENEWSGIANT,3,12,https://twitter.com/thenewsgiant/status/1600458995323445248,['https://thenewsgiant.com/lagos-senator-abiru-shells-out-n150m-to-needy-constituents/'],[],0,,False,0,0,0,,Asiwaju\Tinubu\Jagaban,,,,,,,[],,,,,Bola Ahmed Tinubu
19,1600453480639918080,1600453480639918080,1670412819000.0,2022-12-07 12:33:39,+0100,,Asiwaju bola Ahmed tinubu jagaban boys from maiha Adamawa state  https://t.co/yJBcqyHRWQ,in,[],[],1600226307480162337,1600226307480162337,DahiruMaiha,Usman dahiru barade maiha,3,12,https://twitter.com/DahiruMaiha/status/1600453480639918080,[],['https://pbs.twimg.com/media/FjXz8p5WIAQdCLX.jpg'],1,https://pbs.twimg.com/media/FjXz8p5WIAQdCLX.jpg,False,2,0,0,,Asiwaju\Tinubu\Jagaban,,,,,,,[],,,,,Bola Ahmed Tinubu
0,1600202136414957569,1600202136414957569,1670352894000.0,2022-12-06 19:54:54,+0100,,"Pictures of Peter Obi rally in Owerri today. Can you beat the massive crowd? Yet, they say PO can't campaign in Southeast.  Vote wisely ! Vote ObiDatti 2023 !! Vote Labour Party !!!  https://t.co/WDZzpftBB7",en,[],[],1597498940236218370,1597498940236218370,CoupleSmart,Smart Couple,2,19,https://twitter.com/CoupleSmart/status/1600202136414957569,[],['https://pbs.twimg.com/media/FjUPW5IWABkYNXu.jpg'],1,https://pbs.twimg.com/media/FjUPW5IWABkYNXu.jpg,False,0,0,0,,PO\Peter Obi\ObiDatti,,,,,,,[],,,,,Peter Obi
1,1600037473303740416,1600037473303740416,1670313635000.0,2022-12-06 09:00:35,+0100,,Obidient youth raising the standard !!!  #PeterObiForPresident2023 #PeterObi  #PVC #FIFAWorldCup Tinubu Atiku Obidient Obidatti Datti PVC @_weyimi @Nkemchor_ @FS_Yusuf_ @VictorIsrael_ @SavvyRinu @Jack_ng01 @PO_GrassRootM @ChudeMedia @DavidHundeyin @firstladyship @KnightSirdamBP  https://t.co/MOydk3l8IQ,und,"['peterobiforpresident2023', 'peterobi', 'pvc', 'fifaworldcup']",[],1239315531343310848,1239315531343310848,favour_praiz1,Favour Praiz,2,09,https://twitter.com/favour_praiz1/status/1600037473303740416,[],"['https://pbs.twimg.com/media/FjR5kvpXgAELXM-.jpg', 'https://pbs.twimg.com/media/FjR5lVsX0AE7P13.jpg', 'https://pbs.twimg.com/media/FjR5lv6XEAE9G4b.jpg', 'https://pbs.twimg.com/media/FjR5mh9XgAE4th0.jpg']",1,https://pbs.twimg.com/media/FjR5kvpXgAELXM-.jpg,False,1,0,0,,PO\Peter Obi\ObiDatti,,,,,,,[],,,,,Peter Obi
2,1600019971102445570,1600019971102445570,1670309462000.0,2022-12-06 07:51:02,+0100,,"2023: Let nobody tell you we cannot solve issue of insecurity in Nigeria, - PETER OBI  https://t.co/za2Jc6oQOg   #ObiDatti @PeterObi @PO_GrassRootM",en,['obidatti'],[],213922717,213922717,WAJU73,SOJ WORLDWIDE ONLINE NEWS,2,07,https://twitter.com/WAJU73/status/1600019971102445570,['https://www.sojworldnews.com/2023-let-nobody-tell-you-we-cannot-solve-issue-of-insecurity-in-nigeria-peter-obi/'],[],0,,False,0,1,0,,PO\Peter Obi\ObiDatti,,,,,,,[],,,,,Peter Obi
3,1599873485492260864,1599863485701111809,1670274537000.0,2022-12-05 22:08:57,+0100,,"@PeterObi The only road map for Nigeria to regain her international integrity is to massively support the Obidatti ticket. PDAPC has absolutely nothing to offer. They are scam Nigerians, our only road to liberation right now is to massively support PO. It's POssible.",en,[],[],1318948976620601344,1318948976620601344,Iko_ojo_,Iko-ojo,1,22,https://twitter.com/Iko_ojo_/status/1599873485492260864,[],[],0,,False,6,0,0,,PO\Peter Obi\ObiDatti,,,,,,,"[{'screen_name': 'PeterObi', 'name': 'Peter Obi', 'id': '1050779471731707904'}]",,,,,Peter Obi
4,1599778308790501376,1598981149656612865,1670251845000.0,2022-12-05 15:50:45,+0100,,"@PeterObi His Excellency PO you're the right man for the job and we'rere fully behind you. Longlive OBIDATTI, longlive OBIDIENTS, longlive the Federal Republic of Nigeria ‚ù§Ô∏è‚ù§Ô∏è‚ù§Ô∏è",en,[],[],1550836281495658497,1550836281495658497,OkwudiliMaxwell,Maxwell okwudili,1,15,https://twitter.com/OkwudiliMaxwell/status/1599778308790501376,[],[],0,,False,0,0,0,,PO\Peter Obi\ObiDatti,,,,,,,"[{'screen_name': 'PeterObi', 'name': 'Peter Obi', 'id': '1050779471731707904'}]",,,,,Peter Obi
5,1599641792303206400,1599548315795746816,1670219297000.0,2022-12-05 06:48:17,+0100,,@PO_HausaGuy @PeterObi The guys working assiduously up North are the true heroes of the ObiDatti Presidency...  My statement in no way makes light of the enormous work being done by all of us around the country to ensure victory.   We all are heroes of democracy üôèüá≥üá¨,en,[],[],446231478,446231478,cobymourinho,Dr. Antigha Cobham,1,06,https://twitter.com/cobymourinho/status/1599641792303206400,[],[],0,,False,32,1,6,,PO\Peter Obi\ObiDatti,,,,,,,"[{'screen_name': 'PO_HausaGuy', 'name': ""Peter Obi's Hausa Guy"", 'id': '1552024554440196096'}, {'screen_name': 'PeterObi', 'name': 'Peter Obi', 'id': '1050779471731707904'}]",,,,,Peter Obi
6,1599363025793794048,1599225420565843968,1670152834000.0,2022-12-04 12:20:34,+0100,,"@akintollgate @PeterObi While you were away, we were holding the front and our #ObiDatti team is doing well. Datti held a press conference and PO was live at the Experience 2022. The other teams are having severe heartache because of this two events. And our manifesto is finally out. It is POssible",en,['obidatti'],[],1296362508928856065,1296362508928856065,MaziClare,Victoria,7,12,https://twitter.com/MaziClare/status/1599363025793794048,[],[],0,,False,0,0,0,,PO\Peter Obi\ObiDatti,,,,,,,"[{'screen_name': 'akintollgate', 'name': 'Akin Olaoye', 'id': '1325419982004637698'}, {'screen_name': 'PeterObi', 'name': 'Peter Obi', 'id': '1050779471731707904'}]",,,,,Peter Obi
7,1599344032240799745,1599344032240799745,1670148306000.0,2022-12-04 11:05:06,+0100,,"Everyone, who wishes to take back our country and disrupt the structure of criminality through Peter Obi,must go and collect his/her PVC and cast the ballot for LP. PO is the only one without criminal baggages. He's our next president,he will the new deal. #EndSars #ObiDatti",en,"['endsars', 'obidatti']",[],1545345043451596800,1545345043451596800,KarlmaxOkolie,Okolie karlmax,7,11,https://twitter.com/KarlmaxOkolie/status/1599344032240799745,[],[],0,,False,10,1,5,,PO\Peter Obi\ObiDatti,,,,,,,[],,,,,Peter Obi
8,1599330267939762176,1599330267939762176,1670145024000.0,2022-12-04 10:10:24,+0100,,A Nigeria of endless POssibilities is POssible with PO Our Manifesto Titled Our Pact  With Nigeria is here @PeterObi   #OBIdients #ObiDatti #GRVLagos #OBIdientlyYUSful #OYO #ùêèùêûùê≠ùêûùê´ùêéùêõùê¢ùêÖùê®ùê´ùêèùê´ùêûùê¨ùê¢ùêùùêûùêßùê≠ùüêùüéùüêùüë #AbiaState #nigeria #lagos #sundayvibes #ManifestoIsHere  https://t.co/vylLKwNGsm,en,"['obidients', 'obidatti', 'grvlagos', 'obidientlyyusful', 'oyo', 'ùêèùêûùê≠ùêûùê´ùêéùêõùê¢ùêÖùê®ùê´ùêèùê´ùêûùê¨ùê¢ùêùùêûùêßùê≠ùüêùüéùüêùüë', 'abiastate', 'nigeria', 'lagos', 'sundayvibes', 'manifestoishere']",[],4692524395,4692524395,ObasiFoundation,Isaac A. Obasi,7,10,https://twitter.com/ObasiFoundation/status/1599330267939762176,[],[],1,https://pbs.twimg.com/media/FjH2Wp3WYAEfJ5y.jpg,False,3,0,0,,PO\Peter Obi\ObiDatti,,,,,,,[],,,,,Peter Obi
9,1599319189957005312,1599007950638497793,1670142383000.0,2022-12-04 09:26:23,+0100,,"@EmekaAmakeze @PeterObi PO is the chosen one for the job. Man got the grace and there‚Äôs nothing anyone can do about it, when grace speak protocols are bridged. OBIDATTI= Welcome to a New Nigeria full of endless possibilities.",en,[],[],1504453473705807875,1504453473705807875,FGSTUDIOS5,FG STUDIOS,7,09,https://twitter.com/FGSTUDIOS5/status/1599319189957005312,[],[],0,,False,0,0,0,,PO\Peter Obi\ObiDatti,,,,,,,"[{'screen_name': 'EmekaAmakeze', 'name': 'EMEKA AMAKEZE', 'id': '17895121'}, {'screen_name': 'PeterObi', 'name': 'Peter Obi', 'id': '1050779471731707904'}]",,,,,Peter Obi
10,1599312807799164929,1599312807799164929,1670140861000.0,2022-12-04 09:01:01,+0100,,We are everywhere.. We are the unquenchable fire üî• We are the ObiDatti Family! This Camp will forever be victorious.! @PeterObi @FS_Yusuf_ @SavvyRinu @senatorchuba @ChudeMedia @PO_GrassRootM @doyinokupe  https://t.co/dICZxuPzNL,en,[],[],1449678185814241286,1449678185814241286,Engr_Stanley_EC,Engr. Stanley üíØ üá≥üá¨,7,09,https://twitter.com/Engr_Stanley_EC/status/1599312807799164929,[],"['https://pbs.twimg.com/media/FjHmghtX0AAyS99.jpg', 'https://pbs.twimg.com/media/FjHmhHKXoAMV-w0.jpg']",1,https://pbs.twimg.com/media/FjHmghtX0AAyS99.jpg,False,31,0,8,,PO\Peter Obi\ObiDatti,,,,,,,[],,,,,Peter Obi
11,1599291382258098181,1599286323562835968,1670135753000.0,2022-12-04 07:35:53,+0100,,"@i_am_4_ObiDatti @UchePOkoye @PeterObi Nigerians, due to bad governance in the past, renounced the passion to stand up for the nation. PO has renewed that strength. There seems to be an awakening which I pray is reflected practically at the polls.",en,[],[],1391499011882950661,1391499011882950661,egwu_anya,Egwu Ifeanyi Anya,7,07,https://twitter.com/egwu_anya/status/1599291382258098181,[],[],0,,False,1,0,0,,PO\Peter Obi\ObiDatti,,,,,,,"[{'screen_name': 'i_am_4_ObiDatti', 'name': 'i_am_4_good_governanceüìå', 'id': '248817631'}, {'screen_name': 'UchePOkoye', 'name': 'Anambra 1st sonüí≠', 'id': '104841568'}, {'screen_name': 'PeterObi', 'name': 'Peter Obi', 'id': '1050779471731707904'}]",,,,,Peter Obi
12,1599149033138028544,1599149033138028544,1670101814000.0,2022-12-03 22:10:14,+0100,,"I love the mention of @PeterObi and if you feel same, like and retweet for the haters to know that PO is winning with a landslide!!!  #PeterObi4President #PeterObiForPresident #PeterObiForPresident2023 #ObiDatti #Obidients  #VawulenceSpace  https://t.co/5EGYMibrDX",en,"['peterobi4president', 'peterobiforpresident', 'peterobiforpresident2023', 'obidatti', 'obidients', 'vawulencespace']",[],1571507166820896768,1571507166820896768,ComradeAI,Dr. A.I,6,22,https://twitter.com/ComradeAI/status/1599149033138028544,[],['https://pbs.twimg.com/media/FjFRkfCX0AAOgAb.jpg'],1,https://pbs.twimg.com/media/FjFRkfCX0AAOgAb.jpg,False,21,0,9,,PO\Peter Obi\ObiDatti,,,,,,,[],,,,,Peter Obi
13,1598791482181185536,1598363701962219521,1670016568000.0,2022-12-02 22:29:28,+0100,,@PO_NottSupportG @PeterObi I pray God touches you to Donate into my life too üò≠ obidatti charity begins from youüôèü•á,en,[],[],1167414707814359042,1167414707814359042,1D_kachi,Dikachi ‚ò¶Ô∏è,5,22,https://twitter.com/1D_kachi/status/1598791482181185536,[],[],0,,False,0,0,0,,PO\Peter Obi\ObiDatti,,,,,,,"[{'screen_name': 'PO_NottSupportG', 'name': 'PO Nott Support Group, UK', 'id': '1542001979521654786'}, {'screen_name': 'PeterObi', 'name': 'Peter Obi', 'id': '1050779471731707904'}]",,,,,Peter Obi
14,1598758322810781706,1598603550744932352,1670008662000.0,2022-12-02 20:17:42,+0100,,"@PO_GrassRootM Analogue can't solve digital problems.  Vote wisely,  Vote OBIDATTI, Vote Labour Party. Vote Peter Obi for president in 2023. US, China are exploring the COSMOS, we don't have a national carrier.  The world is not waiting for us. WAKE UP COLLECT YOUR PVC.",en,[],[],2996465428,2996465428,AweleVikenny11,Awele,5,20,https://twitter.com/AweleVikenny11/status/1598758322810781706,[],[],0,,False,0,0,0,,PO\Peter Obi\ObiDatti,,,,,,,"[{'screen_name': 'PO_GrassRootM', 'name': 'Peter Obi Grassroots Mobilization.', 'id': '1344387565777014786'}]",,,,,Peter Obi
15,1598610508847976450,1597637504458698752,1669973420000.0,2022-12-02 10:30:20,+0100,,"@_big_banku @BigBash4Ks @Super_Sodiq @PeterObi Trust PO and his team of competent and committed Nigerians to open up the economy for you and your business! The current economy does not allow businesses to thrive! Nigeria as it is, is a dream killer! God bless ObiDatti! A new Nigeria awaits you and me!",en,[],[],799536894686167040,799536894686167040,_CIjeleO,COko,5,10,https://twitter.com/_CIjeleO/status/1598610508847976450,[],[],0,,False,0,0,0,,PO\Peter Obi\ObiDatti,,,,,,,"[{'screen_name': '_big_banku', 'name': 'BANKU', 'id': '1586677666446450688'}, {'screen_name': 'BigBash4Ks', 'name': 'Big-Bash', 'id': '1064499474700124160'}, {'screen_name': 'Super_Sodiq', 'name': 'Sodiq Yusuff', 'id': '262939286'}, {'screen_name': 'PeterObi', 'name': 'Peter Obi', 'id': '1050779471731707904'}]",,,,,Peter Obi
16,1598591580339855360,1598586142969954305,1669968907000.0,2022-12-02 09:15:07,+0100,,@whyte__tc @FREEOHAMADIKE @Ozoadaz @PeterObi @_weyimi @SavvyRinu @Spotlight_Abby @PO_GrassRootM @CurrentucheUche @realkenokonkwo @FS_Yusuf_ @Jack_ng01 @LM4PeterObi @NgLabour Not whoever oooo  Obidatti Kawai!  https://t.co/6YuYY7nAT3,en,[],[],1052239220159459329,1052239220159459329,LivingstoneB5,Livingstone,5,09,https://twitter.com/LivingstoneB5/status/1598591580339855360,[],['https://pbs.twimg.com/media/Fi9WjK8XkAA1fvX.jpg'],1,https://pbs.twimg.com/media/Fi9WjK8XkAA1fvX.jpg,False,1,0,0,,PO\Peter Obi\ObiDatti,,,,,,,"[{'screen_name': 'whyte__tc', 'name': 'ùñúùñçùñûùñôùñäùñèùñîùñçùñìùñòùñîùñì', 'id': '1212113472672059393'}, {'screen_name': 'Ozoadaz', 'name': 'Nwa‚ù§Ô∏è', 'id': '1579352736'}, {'screen_name': 'PeterObi', 'name': 'Peter Obi', 'id': '1050779471731707904'}, {'screen_name': '_weyimi', 'name': 'Weyimi B. Lube ìÉµ', 'id': '902056550747054080'}, {'screen_name': 'SavvyRinu', 'name': 'Rinu Oduala üî•üî´', 'id': '991043283534139392'}, {'screen_name': 'Spotlight_Abby', 'name': 'Spotlight on #PeterObi2023 #Obidatti023', 'id': '1482061710798331912'}, {'screen_name': 'PO_GrassRootM', 'name': 'Peter Obi Grassroots Mobilization.', 'id': '1344387565777014786'}, {'screen_name': 'CurrentucheUche', 'name': 'Uche Emmanuel OBIdient', 'id': '2149269303'}, {'screen_name': 'realkenokonkwo', 'name': 'Kenneth Okonkwo', 'id': '441648249'}, {'screen_name': 'FS_Yusuf_', 'name': 'FS Yusuf', 'id': '468685040'}, {'screen_name': 'Jack_ng01', 'name': 'J a c k üá≥üá¨', 'id': '1215978204734861312'}, {'screen_name': 'LM4PeterObi', 'name': 'Like Minds for Peter Obi', 'id': '1507732594821054464'}, {'screen_name': 'NgLabour', 'name': 'LabourPartyNG', 'id': '1529562333751689217'}]",,,,,Peter Obi
17,1598350010059526145,1598350010059526145,1669911312000.0,2022-12-01 17:15:12,+0100,,"Now and then, journalists keep asking Peter Obi about IPOB, ESN but fail to ask Atiku of ISWAP, Bokoharam. They fail to ask Tinubu of OPC. PO promised to dialogue with all agitators as healing balm while Atiku, Tinubu are clueless. #EndSars #ObiDatti",en,"['endsars', 'obidatti']",[],1545345043451596800,1545345043451596800,KarlmaxOkolie,Okolie karlmax,4,17,https://twitter.com/KarlmaxOkolie/status/1598350010059526145,[],[],0,,False,9,0,4,,PO\Peter Obi\ObiDatti,,,,,,,[],,,,,Peter Obi
18,1598299384353259520,1598279500210769921,1669899242000.0,2022-12-01 13:54:02,+0100,,@iPrinceSaviour @PeterObi @GRVlagos @magnificdude @_weyimi @JosephOnuorah @BishopPOEvang @Nkemchor_ @ChigozieIAlex @ChudeMedia @LagosLabour @Jack_ng01 @NgLabour @TakeBackNaija_ @PO_GrassRootM Still waiting for the sight of Obidatti in my area! I was so excited when I sighted just one small banner at salvation bus stop in ikeja. üòÇ,en,[],[],1542602939155595266,1542602939155595266,unityHQ1,solidarity,4,13,https://twitter.com/unityHQ1/status/1598299384353259520,[],[],0,,False,1,0,0,,PO\Peter Obi\ObiDatti,,,,,,,"[{'screen_name': 'iPrinceSaviour', 'name': 'PRINCE OF LAGOS', 'id': '1369236373052526592'}, {'screen_name': 'PeterObi', 'name': 'Peter Obi', 'id': '1050779471731707904'}, {'screen_name': 'GRVlagos', 'name': 'GbadeboRhodes-Vivour', 'id': '284940870'}, {'screen_name': 'magnificdude', 'name': 'magnifiquedude', 'id': '173470668'}, {'screen_name': '_weyimi', 'name': 'Weyimi B. Lube ìÉµ', 'id': '902056550747054080'}, {'screen_name': 'JosephOnuorah', 'name': 'BIG JOE OF LAGOS üá≥üá¨üá´üá∑(PhD)', 'id': '88115390'}, {'screen_name': 'BishopPOEvang', 'name': 'Bishop (LP) \uea00', 'id': '1530967300593143809'}, {'screen_name': 'Nkemchor_', 'name': 'NKEM #PeterObi2023\uea00', 'id': '1320715998798950413'}, {'screen_name': 'ChigozieIAlex', 'name': 'Chigozie I. Alex 4 Obi-Dattiüá≥üá¨', 'id': '761086264757989376'}, {'screen_name': 'ChudeMedia', 'name': 'Chude Media', 'id': '1541933568770936835'}, {'screen_name': 'LagosLabour', 'name': 'Labour Party Lagos State', 'id': '1572187016921583621'}, {'screen_name': 'Jack_ng01', 'name': 'J a c k üá≥üá¨', 'id': '1215978204734861312'}, {'screen_name': 'NgLabour', 'name': 'LabourPartyNG', 'id': '1529562333751689217'}, {'screen_name': 'TakeBackNaija_', 'name': 'Take Back Naija', 'id': '1488892545874771979'}, {'screen_name': 'PO_GrassRootM', 'name': 'Peter Obi Grassroots Mobilization.', 'id': '1344387565777014786'}]",,,,,Peter Obi
19,1597630378755248129,1597571257893294081,1669739739000.0,2022-11-29 17:35:39,+0100,,@PO_GrassRootM @NgLabour Theirs LP and OBIdient family in akwa ibom state it you that have not be able to connect to them. Peter obi vanguard ambassadors has foot ground soliders in akwa ibom state. And other support groups obidatti movement all you need to do is to connect with them,en,[],[],1562365792032673793,1562365792032673793,jeremiah_owere,Peter Obi Vanguard ambassadors delta state,2,17,https://twitter.com/jeremiah_owere/status/1597630378755248129,[],[],0,,False,13,1,0,,PO\Peter Obi\ObiDatti,,,,,,,"[{'screen_name': 'PO_GrassRootM', 'name': 'Peter Obi Grassroots Mobilization.', 'id': '1344387565777014786'}, {'screen_name': 'NgLabour', 'name': 'LabourPartyNG', 'id': '1529562333751689217'}]",,,,,Peter Obi
0,1600640541829513216,1600397510270492672,1670457418000.0,2022-12-08 00:56:58,+0100,,@Official911Call @AishaYesufu Its odious for you to think that Privatization it's about selling the country..even if it's about selling the country as it's stands now Nigeria is worth next to nothing when compared to the unfortunate deficit on ground..so Atiku Abubakar will only sell you if you are worthles.,en,[],[],1556322545242177536,1556322545242177536,DesmondFelix181,Desmond Felix,4,00,https://twitter.com/DesmondFelix181/status/1600640541829513216,[],[],0,,False,0,0,0,,Atiku Abubarkar,,,,,,,"[{'screen_name': 'Official911Call', 'name': '911Calls', 'id': '1535949208976515073'}, {'screen_name': 'AishaYesufu', 'name': 'Aisha Yesufu', 'id': '2531005222'}]",,,,,Atiku
1,1600640393107881984,1592476964048506881,1670457382000.0,2022-12-08 00:56:22,+0100,,@atiku You are the best engineering because APC done scattered Nigeria ATIKU ABUBAKAR please come and unifair us  sir,en,[],[],1595588998264676353,1595588998264676353,aaabubakargme,Abdullahi Abubakar,4,00,https://twitter.com/aaabubakargme/status/1600640393107881984,[],[],0,,False,0,0,0,,Atiku Abubarkar,,,,,,,"[{'screen_name': 'atiku', 'name': 'Atiku Abubakar', 'id': '177583133'}]",,,,,Atiku
2,1600639320305684481,1592478276622352384,1670457127000.0,2022-12-08 00:52:07,+0100,,@atiku Baba ATIKU ABUBAKAR you are the one we have sir,en,[],[],1595588998264676353,1595588998264676353,aaabubakargme,Abdullahi Abubakar,4,00,https://twitter.com/aaabubakargme/status/1600639320305684481,[],[],0,,False,0,0,0,,Atiku Abubarkar,,,,,,,"[{'screen_name': 'atiku', 'name': 'Atiku Abubakar', 'id': '177583133'}]",,,,,Atiku
3,1600638375790354432,1593522343829184512,1670456901000.0,2022-12-08 00:48:21,+0100,,@atiku @IAOkowa @GEJonathan Very good excellent journey for being seen you together ATIKU ABUBAKAR PDP UNIFAIR insha Allah you are the one who we prayed to our president sir,en,[],[],1595588998264676353,1595588998264676353,aaabubakargme,Abdullahi Abubakar,4,00,https://twitter.com/aaabubakargme/status/1600638375790354432,[],[],0,,False,0,0,0,,Atiku Abubarkar,,,,,,,"[{'screen_name': 'atiku', 'name': 'Atiku Abubakar', 'id': '177583133'}, {'screen_name': 'IAOkowa', 'name': 'Dr. Ifeanyi Arthur Okowa', 'id': '1026733681912758273'}, {'screen_name': 'GEJonathan', 'name': 'Goodluck E. Jonathan', 'id': '4284189436'}]",,,,,Atiku
4,1600637656018427905,1593662179940646913,1670456730000.0,2022-12-08 00:45:30,+0100,,@atiku @OfficialPDPNig Good baba ATIKU ABUBAKAR PDP UNIFAIR insha Allah you are the president of Nigeria sir,in,[],[],1595588998264676353,1595588998264676353,aaabubakargme,Abdullahi Abubakar,4,00,https://twitter.com/aaabubakargme/status/1600637656018427905,[],[],0,,False,0,0,0,,Atiku Abubarkar,,,,,,,"[{'screen_name': 'atiku', 'name': 'Atiku Abubakar', 'id': '177583133'}, {'screen_name': 'OfficialPDPNig', 'name': 'Official PDP Nigeria', 'id': '747064131166044160'}]",,,,,Atiku
5,1600637608933089281,1600635859279257601,1670456719000.0,2022-12-08 00:45:19,+0100,,"@hanneymusawa Hannatu, you are campaigning for Alhaji Atiku Abubakar Wazirin Adamawa not Emilokan Olule! Kastina state for Alhaji Atiku Abubakar Wazirin Adamawa don't wasting your energy and resources in the the state for your kind information!  May God bless Atiku Limitlessly Amin!",en,[],[],1172844903270948864,1172844903270948864,KabirRayyanu,Danfulani,4,00,https://twitter.com/KabirRayyanu/status/1600637608933089281,[],[],0,,False,0,1,0,,Atiku Abubarkar,,,,,,,"[{'screen_name': 'hanneymusawa', 'name': 'Barrister Hannatu Musa Musawa', 'id': '61601584'}]",,,,,Atiku
6,1600637120032477184,1595000233360232448,1670456602000.0,2022-12-08 00:43:22,+0100,,@atiku Am paying for all the time to be with you on all the campaign within Nigeria ATIKU ABUBAKAR PDP UNIFAIR insha allah am you sir,en,[],[],1595588998264676353,1595588998264676353,aaabubakargme,Abdullahi Abubakar,4,00,https://twitter.com/aaabubakargme/status/1600637120032477184,[],[],0,,False,0,0,0,,Atiku Abubarkar,,,,,,,"[{'screen_name': 'atiku', 'name': 'Atiku Abubakar', 'id': '177583133'}]",,,,,Atiku
7,1600636494070386691,1595818459853643779,1670456453000.0,2022-12-08 00:40:53,+0100,,@atiku Weldone ATIKU ABUBAKAR PDP powerful than anything order party,en,[],[],1595588998264676353,1595588998264676353,aaabubakargme,Abdullahi Abubakar,4,00,https://twitter.com/aaabubakargme/status/1600636494070386691,[],[],0,,False,0,0,0,,Atiku Abubarkar,,,,,,,"[{'screen_name': 'atiku', 'name': 'Atiku Abubakar', 'id': '177583133'}]",,,,,Atiku
8,1600635572154142720,1600635572154142720,1670456233000.0,2022-12-08 00:37:13,+0100,,@Titi_Atiku bazan iya bayya soyayyata da nakewa atiku ABUBAKAR ba wani zaice na hauka ce Allah ya kare ka ya baka lafiya shugaban kasar Nigeria idan tsoho yau gama kashe kasa don Allah ayi gyara sosai banganen samari marasa aikin yi ko zaa rage radadin talauchi da shiga wani hali,in,[],[],1526528360939237379,1526528360939237379,HMadacci,Hon. Aminu Haruna Madacci,4,00,https://twitter.com/HMadacci/status/1600635572154142720,[],[],0,,False,0,0,0,,Atiku Abubarkar,,,,,,,[],,,,,Atiku
9,1600635558300106752,1600635558300106752,1670456230000.0,2022-12-08 00:37:10,+0100,,Good Morning President Atiku Abubakar. Hope you've written your inauguration speech. You are the next president of Nigeria.,en,[],[],809167875424583681,809167875424583681,uty_onuk,De' 'Mikano' Mayor,4,00,https://twitter.com/uty_onuk/status/1600635558300106752,[],[],0,,False,17,2,4,,Atiku Abubarkar,,,,,,,[],,,,,Atiku
10,1600633998119665664,1600633998119665664,1670455858000.0,2022-12-08 00:30:58,+0100,,"‚Ä¢ Each time I consider how Atiku Abubakar  exacerbated our suffering,  ‚Ä¢ How he strategized and battled GEJ. ‚Ä¢ I wept. ‚Ä¢ Atiku is currently urging us to treat PDP fairly. ‚Ä¢ He ought to first apologize to Nigerians, in my opinion. #AtikuInOsun  https://t.co/1smQCp5BOh",en,['atikuinosun'],[],1297070017,1297070017,advantagetony,Wike Unofficial SA,4,00,https://twitter.com/advantagetony/status/1600633998119665664,[],['https://pbs.twimg.com/media/FjaYI3ZXgAEQ2_E.jpg'],1,https://pbs.twimg.com/media/FjaYI3ZXgAEQ2_E.jpg,False,1,0,0,,Atiku Abubarkar,,,,,,,[],,,,,Atiku
11,1600633796948287488,1600633796948287488,1670455810000.0,2022-12-08 00:30:10,+0100,,"‚Ä¢ Each time I consider how Atiku Abubakar  exacerbated our suffering,  ‚Ä¢ How he strategized and battled GEJ. ‚Ä¢ I wept. ‚Ä¢ Atiku is currently urging us to treat PDP fairly. ‚Ä¢ He ought to first apologize to Nigerians, in my opinion.  #PeterObiForPresident2023  https://t.co/J0SXOwv32z",en,['peterobiforpresident2023'],[],1297070017,1297070017,advantagetony,Wike Unofficial SA,4,00,https://twitter.com/advantagetony/status/1600633796948287488,[],['https://pbs.twimg.com/media/FjaX9JxXEAEUZDY.jpg'],1,https://pbs.twimg.com/media/FjaX9JxXEAEUZDY.jpg,False,0,0,0,,Atiku Abubarkar,,,,,,,[],,,,,Atiku
12,1600633733073231873,1596640828986101760,1670455794000.0,2022-12-08 00:29:54,+0100,,@atiku I need always remain loyal with you on your campaign within Nigeria ATIKU ABUBAKAR please me be with you sir,en,[],[],1595588998264676353,1595588998264676353,aaabubakargme,Abdullahi Abubakar,4,00,https://twitter.com/aaabubakargme/status/1600633733073231873,[],[],0,,False,0,0,0,,Atiku Abubarkar,,,,,,,"[{'screen_name': 'atiku', 'name': 'Atiku Abubakar', 'id': '177583133'}]",,,,,Atiku
13,1600633313923833859,1596640828986101760,1670455695000.0,2022-12-08 00:28:15,+0100,,@atiku May God help me to be with you in all of the campaign within Nigeria ATIKU ABUBAKAR am Abdullahi Abubakar Gme from Gombe state Pantami hurmin da'u quaters Gombe state of Nigeria,en,[],[],1595588998264676353,1595588998264676353,aaabubakargme,Abdullahi Abubakar,4,00,https://twitter.com/aaabubakargme/status/1600633313923833859,[],[],0,,False,0,0,0,,Atiku Abubarkar,,,,,,,"[{'screen_name': 'atiku', 'name': 'Atiku Abubakar', 'id': '177583133'}]",,,,,Atiku
14,1600631793325154307,1597905300132048896,1670455332000.0,2022-12-08 00:22:12,+0100,,@atiku I'm filling so good ATIKU ABUBAKAR,en,[],[],1595588998264676353,1595588998264676353,aaabubakargme,Abdullahi Abubakar,4,00,https://twitter.com/aaabubakargme/status/1600631793325154307,[],[],0,,False,0,0,0,,Atiku Abubarkar,,,,,,,"[{'screen_name': 'atiku', 'name': 'Atiku Abubakar', 'id': '177583133'}]",,,,,Atiku
15,1600630561294487552,1600630561294487552,1670455038000.0,2022-12-08 00:17:18,+0100,,This Lady that you dey see is the wife of the PDP Presidential Candidate. She's a princess from Adamawa emirate Council. Princess Rukayya Atiku Abubakar. Presently engaging with women and less privileges in Bauchi state. Come and see capacity. #AtikuOkowa2023 #RecoverNigeria  https://t.co/suQJwzRWoU,en,"['atikuokowa2023', 'recovernigeria']",[],1585967157476728832,1585967157476728832,Emmanue_Okafor,Emmanuel Okafor,4,00,https://twitter.com/Emmanue_Okafor/status/1600630561294487552,[],['https://pbs.twimg.com/media/FjaVAEPWAAIU17X.jpg'],1,https://pbs.twimg.com/media/FjaVAEPWAAIU17X.jpg,False,0,0,0,,Atiku Abubarkar,,,,,,,[],,,,,Atiku
16,1600630168317530112,1600511567208087552,1670454945000.0,2022-12-08 00:15:45,+0100,,@atiku Thank God as everyone understand APC done scattered Nigeria and get failures let ATIKU ABUBAKAR PDP come up over Nigeria and unifair us all Nigerian,en,[],[],1595588998264676353,1595588998264676353,aaabubakargme,Abdullahi Abubakar,4,00,https://twitter.com/aaabubakargme/status/1600630168317530112,[],[],0,,False,0,0,0,,Atiku Abubarkar,,,,,,,"[{'screen_name': 'atiku', 'name': 'Atiku Abubakar', 'id': '177583133'}]",,,,,Atiku
17,1600628654979022854,1600612563246465024,1670454584000.0,2022-12-08 00:09:44,+0100,,@nzenwa_h @atiku ATIKU ABUBAKAR PDP UNIFAIR insha Allah,in,[],[],1595588998264676353,1595588998264676353,aaabubakargme,Abdullahi Abubakar,4,00,https://twitter.com/aaabubakargme/status/1600628654979022854,[],[],0,,False,0,0,0,,Atiku Abubarkar,,,,,,,"[{'screen_name': 'nzenwa_h', 'name': 'Herbert Nzenwa', 'id': '1482071594738626565'}, {'screen_name': 'atiku', 'name': 'Atiku Abubakar', 'id': '177583133'}]",,,,,Atiku
18,1600628079776485376,1600461263296815107,1670454447000.0,2022-12-08 00:07:27,+0100,,@atiku Mr president Atiku Abubakar.  The reason I became a politician overnight.  #Atikulate,en,['atikulate'],[],392349028,392349028,mazafy1,Mazafy,4,00,https://twitter.com/mazafy1/status/1600628079776485376,[],[],0,,False,0,0,0,,Atiku Abubarkar,,,,,,,"[{'screen_name': 'atiku', 'name': 'Atiku Abubakar', 'id': '177583133'}]",,,,,Atiku
19,1600625726990028805,1600577001743597597,1670453886000.0,2022-12-07 23:58:06,+0100,,@RealOlaudah Interviewer: define greed  Me; Atiku abubakar,en,[],[],829694541569650688,829694541569650688,JacobBanks1738,OGa NiCE üå≥ ü¶ç,3,23,https://twitter.com/JacobBanks1738/status/1600625726990028805,[],[],0,,False,1,0,0,,Atiku Abubarkar,,,,,,,"[{'screen_name': 'RealOlaudah', 'name': 'Olaudah Equiano¬Æ', 'id': '53079920'}]",,,,,Atiku
